{"0-0-0": [95029.55647190206, 3601.381847925717, 307.08681737729626, 0.003363424683404591], "0-10-0": [101016.48742032128, 2753.1633945220483, 273.35843021938894, 0.0027784051074381524], "0-20-0": [114748.80098686025, 2378.0186926366496, 260.48645566673775, 0.0022396708174319364], "0-30-0": [139443.73462268498, 2400.4872541016257, 266.38540705642816, 0.0018399669758000132], "0-40-0": [174255.19997667675, 2828.682863648392, 292.8115095287053, 0.001666878821428667], "0-50-0": [158795.4180506838, 2829.3700405942677, 292.79314665185905, 0.001724307445738676], "0-60-0": [134005.92453330348, 2400.2302355917886, 266.3922009348006, 0.0018574138329581396], "0-70-0": [107365.16601843663, 2378.382539612634, 260.4764487884488, 0.0022907873093713665], "0-80-0": [93143.4334806405, 2753.160414322508, 273.3583347358548, 0.002838445238690043], "0-90-0": [95029.55647190206, 3601.381847925717, 307.08681737729626, 0.003363424683404591], "10-0-0": [100211.6026085868, 2753.165093092177, 273.3584648676796, 0.002802832074798853], "10-10-0": [106253.692291409, 2732.5711882029677, 282.55960294712946, 0.0027315657134931825], "10-20-0": [124527.76886746312, 2291.894397484397, 263.18720207934916, 0.0021539646828169262], "10-30-0": [155094.3466953446, 2125.608441501872, 263.15064288885486, 0.0017208802375874401], "10-40-0": [184451.43001583207, 2314.545058825583, 281.74527315883853, 0.0015466456233437567], "10-50-0": [184451.43980286366, 2314.547542241266, 281.7453110999257, 0.001546645797344222], "10-60-0": [155094.3400698575, 2125.605849349449, 263.1505220593252, 0.0017208794681805853], "10-70-0": [124527.75750716058, 2291.8911716847765, 263.18704206516225, 0.0021539634501471336], "10-80-0": [106253.69167004043, 2732.5691189601193, 282.5596654116922, 0.002731566273291713], "10-90-0": [100213.3160176, 2753.165093053695, 273.35846486822544, 0.0028027795622463073], "20-0-0": [118223.18151932456, 2378.610092859831, 260.47055324788437, 0.00224912335229004], "20-10-0": [124435.96975063515, 2242.6430223597918, 262.0858004274078, 0.0021457351696454506], "20-20-0": [145402.28550505693, 3140.4428607382542, 288.7562674904583, 0.002030662637867056], "20-30-0": [179530.3970448996, 3134.9878963633923, 288.85089736349425, 0.0016377563266165612], "20-40-0": [212136.38075327312, 3212.731655761929, 302.75125189085554, 0.0014491907707861195], "20-50-0": [212136.38755564814, 3212.7348327044683, 302.75122804832455, 0.0014491906472346666], "20-60-0": [179530.38298187355, 3134.982935708504, 288.85068913858987, 0.0016377551867528765], "20-70-0": [145402.28946849494, 3140.44645584683, 288.75614354538345, 0.0020306617800868155], "20-80-0": [124435.97281501017, 2242.642046477742, 262.0858412496877, 0.002145735450838168], "20-90-0": [118230.08687605939, 2378.610092859831, 260.47055324788437, 0.0022489175634103293], "30-0-0": [147054.93469589602, 2400.62262566076, 266.3817805465261, 0.0018387359378406987], "30-10-0": [154217.77595204304, 2067.630301869523, 262.51039498834837, 0.0017256330640987882], "30-20-0": [177013.85058197807, 2708.2198764893237, 279.3079016078303, 0.0016026062152360218], "30-30-0": [212735.8081281801, 4522.701010717485, 322.51876440295445, 0.0015489610229758254], "30-40-0": [245052.78083432227, 6564.8806255719965, 368.8286939551659, 0.0015465149068404392], "30-50-0": [245052.78793365153, 6564.904861512396, 368.82843010013323, 0.0015465139270698163], "30-60-0": [212735.82355054628, 4522.706424089145, 322.5186570811717, 0.0015489604715583194], "30-70-0": [177013.85558394075, 2708.2202543910075, 279.3078909714003, 0.0016026061271277824], "30-80-0": [154326.10299591848, 2067.7178845997287, 262.50805774626315, 0.0017248082880299668], "30-90-0": [147107.60657032314, 2400.62262566076, 266.3817805465261, 0.0018382739121409982], "40-0-0": [175304.1241418653, 2829.369950771171, 292.79301298160385, 0.0016984229576393949], "40-10-0": [181313.63902247668, 2258.6707084518944, 283.13726700429123, 0.001581249032870631], "40-20-0": [199815.20244752508, 2703.4773056449585, 293.15095719037254, 0.0014870370517715242], "40-30-0": [225691.5541293958, 3898.220412921656, 326.3133564428617, 0.0014699841026526927], "40-40-0": [247445.22898980713, 6519.493031036063, 368.2196812840548, 0.001528077824111633], "40-50-0": [247445.2469951227, 6519.505490709988, 368.21952885352135, 0.0015280771948851329], "40-60-0": [225369.90758333952, 3898.164707089211, 326.3152357946538, 0.001471386578832221], "40-70-0": [199815.20858575843, 2703.4805229526596, 293.15095810361055, 0.0014870370497949005], "40-80-0": [181313.6378646159, 2258.6710045096106, 283.1372551052188, 0.0015812489758323881], "40-90-0": [175297.6884485044, 2829.3699507642127, 292.79301298200807, 0.0016983691508674471], "50-0-0": [175277.91720065402, 2829.366199559766, 292.79314188056287, 0.0016978966321882193], "50-10-0": [178000.5003968693, 2200.1664350238025, 281.1808292592561, 0.0015993144895662765], "50-20-0": [186460.38685910593, 2393.308468475947, 279.49964844036333, 0.0015184255023168668], "50-30-0": [197091.05365262492, 2928.697163326363, 289.89494104286837, 0.001492980165131033], "50-40-0": [204809.83618325662, 4120.492789755464, 313.5498561078323, 0.0015624408011716572], "50-50-0": [204809.85435186737, 4120.498430043107, 313.54988628375736, 0.0015624409015612582], "50-60-0": [197091.05752768368, 2928.6987712635923, 289.89493056532757, 0.0014929801036784559], "50-70-0": [186460.37974579184, 2393.3069466157917, 279.4995743714087, 0.0015184251264031463], "50-80-0": [178000.48712286356, 2200.1630075727567, 281.1807240250935, 0.0015993139402412926], "50-90-0": [175287.33642615622, 2829.366199559766, 292.79314188056287, 0.0016978245128883651], "60-0-0": [146462.90088796522, 2400.620609024915, 266.381758907788, 0.001843881421314205], "60-10-0": [147845.0666913245, 1961.9031503480835, 261.6087946760128, 0.0017948114538802525], "60-20-0": [149823.55099496798, 2119.931123797721, 261.8478700588322, 0.001773969685358739], "60-30-0": [152082.75234496867, 2469.591594586697, 269.3104619247956, 0.0018005435332985582], "60-40-0": [153983.73545691784, 3124.4572339152433, 284.52331565571825, 0.0018876121809913871], "60-50-0": [153983.7451653063, 3124.4603755149574, 284.5233936500099, 0.0018876126562581749], "60-60-0": [152082.75966473058, 2469.5933429835736, 269.3105242506028, 0.0018005439122998179], "60-70-0": [149823.55079724998, 2119.9310817874834, 261.84788724520075, 0.001773969802806764], "60-80-0": [147845.06421482403, 1961.9015337871851, 261.6087699763155, 0.0017948112851217614], "60-90-0": [146432.14011633603, 2400.620609024915, 266.381758907788, 0.0018440326230721338], "70-0-0": [117888.45253359558, 2378.608099173054, 260.470486854498, 0.0022517654314284947], "70-10-0": [118085.86383752596, 2019.0542790981967, 259.7393896456462, 0.0022402803901016167], "70-20-0": [118375.16541834893, 2149.370750644111, 260.71069135775195, 0.0022455987389972624], "70-30-0": [118742.69273287083, 2387.9013887612427, 265.75620814644776, 0.002286734573761068], "70-40-0": [118834.16573651701, 2765.825018367241, 275.0215632074024, 0.0023713445910362057], "70-50-0": [118779.55614126135, 2765.7732011882695, 275.02308435199245, 0.002372093323470457], "70-60-0": [118742.6943890117, 2387.9024944655557, 265.75629608357383, 0.0022867353293800005], "70-70-0": [118375.16618605373, 2149.370963230112, 260.7107703724646, 0.0022455994129955675], "70-80-0": [118085.86305752775, 2019.0534973046724, 259.7394477188757, 0.0022402808854052043], "70-90-0": [117907.31709299963, 2378.608099173054, 260.470486854498, 0.0022513766604625026], "80-0-0": [100162.60228220529, 2753.1630392529987, 273.3584026234079, 0.0028031275356059505], "80-10-0": [100123.92613870115, 2431.214555335944, 275.45228015983315, 0.002819204252157921], "80-20-0": [100205.28311694194, 2505.8574828414885, 276.1395461402646, 0.0028266838670639124], "80-30-0": [100414.16839720945, 2644.2781699717198, 278.7322101465393, 0.0028530399892692567], "80-40-0": [100579.24293502953, 2822.21548729584, 283.3551498104757, 0.0029022145399080503],